rank,file,t_sec,score,U,A,D,n_boxes,n_ambiguous,empty,selected
1,frame_0001.jpg,0.4,0.7193,0.6957,0.5714,1.0,8,4,False,True
2,frame_0031.jpg,12.4,0.7105,0.5924,0.7143,1.0,8,5,False,True
3,frame_0073.jpg,29.2,0.6801,0.5316,0.7143,1.0,7,5,False,True
4,frame_0072.jpg,28.8,0.6771,0.6114,0.5714,1.0,6,4,False,False
5,frame_0079.jpg,31.6,0.6748,0.601,0.7143,0.8,8,5,False,True
6,frame_0077.jpg,30.8,0.6712,0.6476,0.5714,0.88,7,4,False,False
7,frame_0288.jpg,115.2,0.6643,0.6121,0.7143,0.72,6,5,False,True
8,frame_0295.jpg,118.0,0.6467,0.6786,0.5714,0.68,4,4,False,True
9,frame_0000.jpg,0.0,0.642,0.4555,0.7143,1.0,6,5,False,False
10,frame_0123.jpg,49.2,0.6417,0.5989,0.7143,0.64,5,5,False,True
11,frame_0287.jpg,114.8,0.6395,0.6642,0.5714,0.68,7,4,False,False
12,frame_0033.jpg,13.2,0.6367,0.4448,0.7143,1.0,7,5,False,False
13,frame_0067.jpg,26.8,0.6238,0.5048,0.5714,1.0,7,4,False,True
14,frame_0284.jpg,113.6,0.6157,0.5788,0.7143,0.56,5,5,False,False
15,frame_0070.jpg,28.0,0.6124,0.4819,0.5714,1.0,5,4,False,False
16,frame_0071.jpg,28.4,0.6014,0.5457,0.4286,1.0,5,3,False,False
17,frame_0306.jpg,122.4,0.6004,0.6762,0.7143,0.24,6,5,False,True
18,frame_0127.jpg,50.8,0.5996,0.4506,0.7143,0.8,7,5,False,False
19,frame_0116.jpg,46.4,0.5969,0.5356,0.8571,0.36,8,6,False,True
20,frame_0276.jpg,110.4,0.5964,0.5826,0.8571,0.24,8,6,False,True
21,frame_0387.jpg,154.8,0.5912,0.5023,1.0,0.2,9,7,False,True
22,frame_0074.jpg,29.6,0.5805,0.5039,0.4286,1.0,8,3,False,False
23,frame_0095.jpg,38.0,0.5787,0.5791,0.8571,0.16,7,6,False,False
24,frame_0291.jpg,116.4,0.5743,0.5554,0.4286,0.84,7,3,False,False
25,frame_0376.jpg,150.4,0.5693,0.646,0.7143,0.16,8,5,False,False
26,frame_0375.jpg,150.0,0.5691,0.6296,0.7143,0.2,8,5,False,False
27,frame_0069.jpg,27.6,0.5688,0.3948,0.5714,1.0,5,4,False,False
28,frame_0117.jpg,46.8,0.5674,0.4605,0.8571,0.4,7,6,False,False
29,frame_0020.jpg,8.0,0.5665,0.4758,0.4286,1.0,3,3,False,False
30,frame_0008.jpg,3.2,0.5655,0.4738,0.4286,1.0,4,3,False,False
31,frame_0130.jpg,52.0,0.5654,0.5056,0.4286,0.92,4,3,False,False
32,frame_0128.jpg,51.2,0.5652,0.5372,0.4286,0.84,7,3,False,False
33,frame_0129.jpg,51.6,0.5621,0.5151,0.4286,0.88,7,3,False,False
34,frame_0278.jpg,111.2,0.5599,0.5632,0.7143,0.32,8,5,False,False
35,frame_0126.jpg,50.4,0.5593,0.4717,0.5714,0.76,7,4,False,False
36,frame_0294.jpg,117.6,0.558,0.4852,0.5714,0.72,5,4,False,False
37,frame_0329.jpg,131.6,0.558,0.5698,0.8571,0.08,11,6,False,False
38,frame_0317.jpg,126.8,0.5546,0.6863,0.5714,0.2,7,4,False,False
39,frame_0292.jpg,116.8,0.5513,0.5254,0.4286,0.8,4,3,False,False
40,frame_0377.jpg,150.8,0.5513,0.5404,0.8571,0.12,10,6,False,False
41,frame_0285.jpg,114.0,0.5511,0.605,0.4286,0.6,6,3,False,False
42,frame_0277.jpg,110.8,0.55,0.5594,0.7143,0.28,7,5,False,False
43,frame_0367.jpg,146.8,0.5496,0.553,0.8571,0.08,9,6,False,False
44,frame_0289.jpg,115.6,0.5488,0.5364,0.4286,0.76,5,3,False,False
45,frame_0389.jpg,155.6,0.5467,0.5312,0.8571,0.12,8,6,False,False
46,frame_0004.jpg,1.6,0.5465,0.3501,0.5714,1.0,5,4,False,False
47,frame_0316.jpg,126.4,0.5431,0.5936,0.7143,0.16,7,5,False,False
48,frame_0328.jpg,131.2,0.539,0.6175,0.7143,0.08,10,5,False,False
49,frame_0290.jpg,116.0,0.5356,0.4941,0.4286,0.8,4,3,False,False
50,frame_0274.jpg,109.6,0.5326,0.5726,0.7143,0.16,5,5,False,False
51,frame_0168.jpg,67.2,0.5317,0.4965,0.5714,0.56,6,4,False,False
52,frame_0026.jpg,10.4,0.5299,0.4027,0.4286,1.0,3,3,False,False
53,frame_0320.jpg,128.0,0.5278,0.6167,0.5714,0.24,6,4,False,False
54,frame_0216.jpg,86.4,0.5252,0.703,0.2857,0.44,3,2,False,False
55,frame_0025.jpg,10.0,0.5248,0.4782,0.2857,1.0,2,2,False,False
56,frame_0014.jpg,5.6,0.5238,0.4762,0.2857,1.0,3,2,False,False
57,frame_0030.jpg,12.0,0.5231,0.3033,0.5714,1.0,7,4,False,False
58,frame_0019.jpg,7.6,0.5223,0.5588,0.1429,1.0,1,1,False,False
59,frame_0332.jpg,132.8,0.5222,0.5999,0.7143,0.04,8,5,False,False
60,frame_0125.jpg,50.0,0.5206,0.496,0.4286,0.72,7,3,False,False
61,frame_0374.jpg,149.6,0.5192,0.5298,0.7143,0.2,6,5,False,False
62,frame_0327.jpg,130.8,0.5152,0.5858,0.7143,0.04,10,5,False,False
63,frame_0133.jpg,53.2,0.5133,0.4551,0.2857,1.0,8,2,False,False
64,frame_0218.jpg,87.2,0.5111,0.6211,0.4286,0.36,3,3,False,False
65,frame_0007.jpg,2.8,0.5083,0.3594,0.4286,1.0,4,3,False,False
66,frame_0106.jpg,42.4,0.5055,0.5665,0.7143,0.04,7,5,False,False
67,frame_0396.jpg,158.4,0.5053,0.518,0.7143,0.16,7,5,False,False
68,frame_0297.jpg,118.8,0.5049,0.5127,0.4286,0.6,4,3,False,False
69,frame_0397.jpg,158.8,0.5036,0.5844,0.5714,0.2,6,4,False,False
70,frame_0293.jpg,117.2,0.4977,0.4342,0.4286,0.76,5,3,False,False
71,frame_0076.jpg,30.4,0.496,0.4525,0.2857,0.92,6,2,False,False
72,frame_0275.jpg,110.0,0.496,0.5691,0.5714,0.2,6,4,False,False
73,frame_0286.jpg,114.4,0.4915,0.5556,0.2857,0.64,6,2,False,False
74,frame_0075.jpg,30.0,0.4899,0.4244,0.2857,0.96,7,2,False,False
75,frame_0333.jpg,133.2,0.4892,0.6036,0.5714,0.08,8,4,False,False
76,frame_0224.jpg,89.6,0.4891,0.7588,0.2857,0.12,3,2,False,False
77,frame_0231.jpg,92.4,0.4891,0.4857,0.7143,0.16,7,5,False,False
78,frame_0087.jpg,34.8,0.4873,0.5254,0.4286,0.48,3,3,False,False
79,frame_0005.jpg,2.0,0.487,0.3168,0.4286,1.0,5,3,False,False
80,frame_0006.jpg,2.4,0.4865,0.3158,0.4286,1.0,5,3,False,False
81,frame_0011.jpg,4.4,0.486,0.4006,0.2857,1.0,4,2,False,False
82,frame_0015.jpg,6.0,0.4815,0.3915,0.2857,1.0,4,2,False,False
83,frame_0280.jpg,112.0,0.4784,0.5396,0.4286,0.4,7,3,False,False
84,frame_0175.jpg,70.0,0.4767,0.4129,0.7143,0.28,7,5,False,False
85,frame_0114.jpg,45.6,0.4762,0.4118,0.7143,0.28,6,5,False,False
86,frame_0298.jpg,119.2,0.4726,0.464,0.4286,0.56,5,3,False,False
87,frame_0012.jpg,4.8,0.4725,0.3736,0.2857,1.0,4,2,False,False
88,frame_0207.jpg,82.8,0.471,0.3649,0.4286,0.8,4,3,False,False
89,frame_0210.jpg,84.0,0.4708,0.4981,0.2857,0.68,2,2,False,False
90,frame_0170.jpg,68.0,0.4703,0.4915,0.4286,0.48,5,3,False,False
91,frame_0022.jpg,8.8,0.4682,0.2793,0.4286,1.0,5,3,False,False
92,frame_0010.jpg,4.0,0.468,0.3645,0.2857,1.0,3,2,False,False
93,frame_0178.jpg,71.2,0.4678,0.5287,0.5714,0.16,7,4,False,False
94,frame_0230.jpg,92.0,0.4675,0.6299,0.4286,0.12,8,3,False,False
95,frame_0029.jpg,11.6,0.466,0.3605,0.2857,1.0,3,2,False,False
96,frame_0112.jpg,44.8,0.466,0.5091,0.5714,0.2,5,4,False,False
97,frame_0386.jpg,154.4,0.4651,0.4914,0.5714,0.24,7,4,False,False
98,frame_0018.jpg,7.2,0.4629,0.3543,0.2857,1.0,5,2,False,False
99,frame_0330.jpg,132.0,0.4619,0.565,0.5714,0.04,9,4,False,False
100,frame_0167.jpg,66.8,0.4597,0.4222,0.4286,0.6,5,3,False,False
101,frame_0169.jpg,67.6,0.455,0.5305,0.2857,0.52,7,2,False,False
102,frame_0279.jpg,111.6,0.4489,0.4967,0.4286,0.36,6,3,False,False
103,frame_0318.jpg,127.2,0.4455,0.4521,0.5714,0.24,8,4,False,False
104,frame_0378.jpg,151.2,0.445,0.5152,0.5714,0.08,8,4,False,False
105,frame_0385.jpg,154.0,0.4426,0.5481,0.4286,0.2,4,3,False,False
106,frame_0209.jpg,83.6,0.4412,0.4229,0.2857,0.72,3,2,False,False
107,frame_0186.jpg,74.4,0.4406,0.5223,0.5714,0.04,9,4,False,False
108,frame_0315.jpg,126.0,0.4406,0.4904,0.5714,0.12,8,4,False,False
109,frame_0307.jpg,122.8,0.4377,0.3668,0.7143,0.2,7,5,False,False
110,frame_0176.jpg,70.4,0.4356,0.4323,0.5714,0.24,7,4,False,False
111,frame_0188.jpg,75.2,0.4353,0.5118,0.5714,0.04,7,4,False,False
112,frame_0203.jpg,81.2,0.4351,0.3571,0.4286,0.64,4,3,False,False
113,frame_0105.jpg,42.0,0.4278,0.4808,0.5714,0.08,5,4,False,False
114,frame_0185.jpg,74.0,0.4272,0.4796,0.5714,0.08,8,4,False,False
115,frame_0233.jpg,93.2,0.4259,0.4987,0.4286,0.24,6,3,False,False
116,frame_0115.jpg,46.0,0.4256,0.3804,0.5714,0.32,6,4,False,False
117,frame_0173.jpg,69.2,0.4233,0.4454,0.4286,0.36,7,3,False,False
118,frame_0068.jpg,27.2,0.4225,0.2735,0.2857,1.0,5,2,False,False
119,frame_0002.jpg,0.8,0.422,0.2725,0.2857,1.0,5,2,False,False
120,frame_0283.jpg,113.2,0.4213,0.3775,0.4286,0.52,5,3,False,False
121,frame_0229.jpg,91.6,0.4194,0.464,0.5714,0.08,8,4,False,False
122,frame_0131.jpg,52.4,0.4166,0.2778,0.2857,0.96,5,2,False,False
123,frame_0089.jpg,35.6,0.4158,0.4144,0.4286,0.4,6,3,False,False
124,frame_0398.jpg,159.2,0.4128,0.4725,0.4286,0.24,7,3,False,False
125,frame_0184.jpg,73.6,0.4125,0.4501,0.5714,0.08,5,4,False,False
126,frame_0183.jpg,73.2,0.411,0.4632,0.5714,0.04,4,4,False,False
127,frame_0120.jpg,48.0,0.4101,0.355,0.4286,0.52,5,3,False,False
128,frame_0384.jpg,153.6,0.4088,0.4965,0.4286,0.16,6,3,False,False
129,frame_0395.jpg,158.0,0.4086,0.4264,0.5714,0.12,6,4,False,False
130,frame_0302.jpg,120.8,0.4065,0.3958,0.4286,0.4,7,3,False,False
131,frame_0304.jpg,121.6,0.4064,0.4277,0.4286,0.32,7,3,False,False
132,frame_0202.jpg,80.8,0.4038,0.3962,0.2857,0.6,5,2,False,False
133,frame_0023.jpg,9.2,0.4034,0.321,0.1429,1.0,4,1,False,False
134,frame_0226.jpg,90.4,0.4022,0.4455,0.5714,0.04,5,4,False,False
135,frame_0313.jpg,125.2,0.3985,0.6096,0.2857,0.04,2,2,False,False
136,frame_0305.jpg,122.0,0.3968,0.4244,0.4286,0.28,5,3,False,False
137,frame_0024.jpg,9.6,0.3932,0.3007,0.1429,1.0,4,1,False,False
138,frame_0013.jpg,5.2,0.3916,0.2975,0.1429,1.0,4,1,False,False
139,frame_0215.jpg,86.0,0.3877,0.3262,0.4286,0.48,4,3,False,False
140,frame_0322.jpg,128.8,0.3855,0.4499,0.4286,0.16,6,3,False,False
141,frame_0032.jpg,12.8,0.3832,0.3665,0.0,1.0,5,0,False,False
142,frame_0096.jpg,38.4,0.3817,0.4582,0.4286,0.12,7,3,False,False
143,frame_0177.jpg,70.8,0.3817,0.3406,0.5714,0.2,6,4,False,False
144,frame_0078.jpg,31.2,0.3812,0.3406,0.1429,0.84,7,1,False,False
145,frame_0027.jpg,10.8,0.3811,0.2764,0.1429,1.0,4,1,False,False
146,frame_0211.jpg,84.4,0.3809,0.42,0.1429,0.64,2,1,False,False
147,frame_0299.jpg,119.6,0.3806,0.2961,0.4286,0.52,7,3,False,False
148,frame_0314.jpg,125.6,0.3791,0.469,0.4286,0.08,7,3,False,False
149,frame_0108.jpg,43.2,0.3777,0.4822,0.4286,0.04,7,3,False,False
150,frame_0323.jpg,129.2,0.3763,0.3618,0.5714,0.12,7,4,False,False
151,frame_0132.jpg,52.8,0.376,0.2663,0.1429,1.0,7,1,False,False
152,frame_0124.jpg,49.6,0.3755,0.3076,0.2857,0.68,7,2,False,False
153,frame_0174.jpg,69.6,0.3752,0.3652,0.4286,0.32,5,3,False,False
154,frame_0368.jpg,147.2,0.3751,0.477,0.4286,0.04,8,3,False,False
155,frame_0220.jpg,88.0,0.3742,0.4649,0.2857,0.28,4,2,False,False
156,frame_0391.jpg,156.4,0.3735,0.3881,0.5714,0.04,8,4,False,False
157,frame_0379.jpg,151.6,0.3716,0.3843,0.5714,0.04,8,4,False,False
158,frame_0021.jpg,8.4,0.3697,0.2537,0.1429,1.0,5,1,False,False
159,frame_0321.jpg,128.4,0.3674,0.3976,0.4286,0.2,6,3,False,False
160,frame_0281.jpg,112.4,0.367,0.4723,0.1429,0.44,5,1,False,False
161,frame_0223.jpg,89.2,0.3664,0.4116,0.4286,0.16,6,3,False,False
162,frame_0081.jpg,32.4,0.3659,0.2723,0.2857,0.72,5,2,False,False
163,frame_0017.jpg,6.8,0.3609,0.236,0.1429,1.0,4,1,False,False
164,frame_0399.jpg,159.6,0.3557,0.4279,0.2857,0.28,7,2,False,False
165,frame_0193.jpg,77.2,0.3556,0.358,0.4286,0.24,6,3,False,False
166,frame_0086.jpg,34.4,0.3551,0.3307,0.2857,0.52,5,2,False,False
167,frame_0113.jpg,45.2,0.3537,0.3543,0.4286,0.24,6,3,False,False
168,frame_0189.jpg,75.6,0.3526,0.416,0.4286,0.08,5,3,False,False
169,frame_0390.jpg,156.0,0.3511,0.3274,0.5714,0.08,6,4,False,False
170,frame_0016.jpg,6.4,0.3499,0.2141,0.1429,1.0,6,1,False,False
171,frame_0373.jpg,149.2,0.3487,0.4619,0.2857,0.16,6,2,False,False
172,frame_0121.jpg,48.4,0.347,0.3842,0.1429,0.56,5,1,False,False
173,frame_0388.jpg,155.2,0.3461,0.3711,0.4286,0.16,9,3,False,False
174,frame_0232.jpg,92.8,0.344,0.3509,0.4286,0.2,5,3,False,False
175,frame_0200.jpg,80.0,0.3426,0.3914,0.1429,0.52,2,1,False,False
176,frame_0192.jpg,76.8,0.3425,0.3478,0.4286,0.2,5,3,False,False
177,frame_0319.jpg,127.6,0.3361,0.3031,0.4286,0.28,7,3,False,False
178,frame_0303.jpg,121.2,0.336,0.3566,0.2857,0.36,5,2,False,False
179,frame_0083.jpg,33.2,0.3328,0.2382,0.2857,0.64,4,2,False,False
180,frame_0301.jpg,120.4,0.3325,0.3175,0.2857,0.44,6,2,False,False
181,frame_0213.jpg,85.2,0.3313,0.3529,0.1429,0.56,3,1,False,False
182,frame_0219.jpg,87.6,0.3311,0.277,0.4286,0.32,5,3,False,False
183,frame_0382.jpg,152.8,0.331,0.3729,0.4286,0.08,7,3,False,False
184,frame_0309.jpg,123.6,0.3299,0.3546,0.4286,0.12,6,3,False,False
185,frame_0370.jpg,148.0,0.3274,0.3816,0.4286,0.04,7,3,False,False
186,frame_0119.jpg,47.6,0.3273,0.2911,0.2857,0.48,5,2,False,False
187,frame_0273.jpg,109.2,0.3273,0.4352,0.2857,0.12,6,2,False,False
188,frame_0208.jpg,83.2,0.3262,0.2626,0.1429,0.76,4,1,False,False
189,frame_0198.jpg,79.2,0.324,0.3862,0.1429,0.44,2,1,False,False
190,frame_0308.jpg,123.2,0.3233,0.3254,0.4286,0.16,7,3,False,False
191,frame_0371.jpg,148.4,0.3211,0.3531,0.4286,0.08,5,3,False,False
192,frame_0225.jpg,90.0,0.3205,0.4376,0.2857,0.08,5,2,False,False
193,frame_0204.jpg,81.6,0.3183,0.2789,0.1429,0.68,2,1,False,False
194,frame_0090.jpg,36.0,0.3172,0.3189,0.2857,0.36,5,2,False,False
195,frame_0080.jpg,32.0,0.3164,0.243,0.1429,0.76,5,1,False,False
196,frame_0383.jpg,153.2,0.3159,0.4123,0.2857,0.12,5,2,False,False
197,frame_0194.jpg,77.6,0.3158,0.3481,0.2857,0.28,5,2,False,False
198,frame_0228.jpg,91.2,0.3154,0.4433,0.2857,0.04,6,2,False,False
199,frame_0300.jpg,120.0,0.3151,0.2667,0.2857,0.48,6,2,False,False
200,frame_0206.jpg,82.4,0.3146,0.2394,0.1429,0.76,4,1,False,False
201,frame_0084.jpg,33.6,0.3141,0.3025,0.1429,0.6,3,1,False,False
202,frame_0381.jpg,152.4,0.3138,0.3544,0.4286,0.04,7,3,False,False
203,frame_0205.jpg,82.0,0.3119,0.2501,0.1429,0.72,4,1,False,False
204,frame_0003.jpg,1.2,0.3103,0.2206,0.0,1.0,6,0,False,False
205,frame_0122.jpg,48.8,0.3083,0.2908,0.1429,0.6,4,1,False,False
206,frame_0009.jpg,3.6,0.3071,0.2142,0.0,1.0,3,0,False,False
207,frame_0111.jpg,44.4,0.3054,0.3754,0.2857,0.16,5,2,False,False
208,frame_0097.jpg,38.8,0.3011,0.313,0.4286,0.08,6,3,False,False
209,frame_0282.jpg,112.8,0.3004,0.323,0.1429,0.48,4,1,False,False
210,frame_0028.jpg,11.2,0.297,0.194,0.0,1.0,3,0,False,False
211,frame_0296.jpg,118.4,0.2966,0.3373,0.0,0.64,4,0,False,False
212,frame_0269.jpg,107.6,0.2943,0.4011,0.2857,0.04,4,2,False,False
213,frame_0100.jpg,40.0,0.2942,0.4009,0.2857,0.04,6,2,False,False
214,frame_0092.jpg,36.8,0.2888,0.2942,0.2857,0.28,5,2,False,False
215,frame_0199.jpg,79.6,0.2877,0.2976,0.1429,0.48,2,1,False,False
216,frame_0311.jpg,124.4,0.2874,0.3016,0.4286,0.04,5,3,False,False
217,frame_0214.jpg,85.6,0.284,0.2742,0.1429,0.52,3,1,False,False
218,frame_0191.jpg,76.4,0.2812,0.3269,0.2857,0.16,6,2,False,False
219,frame_0267.jpg,106.8,0.2807,0.342,0.2857,0.12,5,2,False,False
220,frame_0272.jpg,108.8,0.2788,0.4398,0.1429,0.08,4,1,False,False
221,frame_0196.jpg,78.4,0.2773,0.3248,0.1429,0.36,2,1,False,False
222,frame_0201.jpg,80.4,0.2763,0.2428,0.1429,0.56,2,1,False,False
223,frame_0195.jpg,78.0,0.2727,0.246,0.2857,0.32,4,2,False,False
224,frame_0372.jpg,148.8,0.2691,0.4044,0.1429,0.12,7,1,False,False
225,frame_0271.jpg,108.4,0.2689,0.3504,0.2857,0.04,5,2,False,False
226,frame_0109.jpg,43.6,0.2687,0.3339,0.2857,0.08,7,2,False,False
227,frame_0217.jpg,86.8,0.2678,0.2899,0.1429,0.4,5,1,False,False
228,frame_0325.jpg,130.0,0.2668,0.3462,0.2857,0.04,7,2,False,False
229,frame_0222.jpg,88.8,0.2665,0.2816,0.2857,0.2,5,2,False,False
230,frame_0212.jpg,84.8,0.2662,0.2067,0.1429,0.6,4,1,False,False
231,frame_0088.jpg,35.2,0.2654,0.269,0.1429,0.44,4,1,False,False
232,frame_0085.jpg,34.0,0.2642,0.2186,0.1429,0.56,5,1,False,False
233,frame_0268.jpg,107.2,0.2637,0.324,0.2857,0.08,6,2,False,False
234,frame_0394.jpg,157.6,0.2602,0.317,0.2857,0.08,5,2,False,False
235,frame_0190.jpg,76.0,0.2583,0.2971,0.2857,0.12,4,2,False,False
236,frame_0118.jpg,47.2,0.2554,0.2491,0.1429,0.44,6,1,False,False
237,frame_0091.jpg,36.4,0.2549,0.2961,0.1429,0.32,3,1,False,False
238,frame_0393.jpg,157.2,0.2547,0.322,0.2857,0.04,4,2,False,False
239,frame_0171.jpg,68.4,0.2525,0.2433,0.1429,0.44,4,1,False,False
240,frame_0104.jpg,41.6,0.2488,0.2781,0.2857,0.12,4,2,False,False
241,frame_0094.jpg,37.6,0.2472,0.3286,0.1429,0.2,5,1,False,False
242,frame_0082.jpg,32.8,0.2465,0.2211,0.0,0.68,5,0,False,False
243,frame_0172.jpg,68.8,0.2442,0.2427,0.1429,0.4,5,1,False,False
244,frame_0179.jpg,71.6,0.2432,0.267,0.2857,0.12,6,2,False,False
245,frame_0098.jpg,39.2,0.2429,0.2984,0.2857,0.04,5,2,False,False
246,frame_0324.jpg,129.6,0.2423,0.2812,0.2857,0.08,4,2,False,False
247,frame_0310.jpg,124.0,0.2324,0.2613,0.2857,0.08,6,2,False,False
248,frame_0103.jpg,41.2,0.2192,0.2886,0.1429,0.16,6,1,False,False
249,frame_0181.jpg,72.4,0.2176,0.2478,0.2857,0.04,5,2,False,False
250,frame_0221.jpg,88.4,0.2141,0.2464,0.1429,0.24,6,1,False,False
251,frame_0180.jpg,72.0,0.2056,0.2934,0.1429,0.08,7,1,False,False
252,frame_0101.jpg,40.4,0.2031,0.2884,0.1429,0.08,6,1,False,False
253,frame_0102.jpg,40.8,0.1978,0.2618,0.1429,0.12,6,1,False,False
254,frame_0197.jpg,78.8,0.1421,0.1242,0.0,0.4,1,0,False,False
255,frame_0093.jpg,37.2,0.1404,0.1848,0.0,0.24,5,0,False,False
256,frame_0110.jpg,44.0,0.093,0.1381,0.0,0.12,5,0,False,False
